1,Bigtown Academy,Chemistry,44
1,Bigtown Academy,Physics,97
1,Bigtown Academy,Biology,81
1,Bigtown Academy,English,67
1,Bigtown Academy,French,36
1,Bigtown Academy,German,67
1,Bigtown Academy,Mathematics,69
2,Bigtown Academy,Chemistry,56
2,Bigtown Academy,Physics,22
2,Bigtown Academy,Biology,64
2,Bigtown Academy,English,97
2,Bigtown Academy,German,46
2,Bigtown Academy,Mathematics,38
2,Bigtown Academy,Art,41
3,Bigtown Academy,Chemistry,66
3,Bigtown Academy,Physics,79
3,Bigtown Academy,Biology,41
3,Bigtown Academy,English,60
3,Bigtown Academy,French,68
3,Bigtown Academy,German,62
3,Bigtown Academy,Mathematics,69
3,Bigtown Academy,Art,55
4,Bigtown Academy,Chemistry,47
4,Bigtown Academy,Physics,89
4,Bigtown Academy,Biology,68
4,Bigtown Academy,English,65
4,Bigtown Academy,French,73
4,Bigtown Academy,German,65
4,Bigtown Academy,Mathematics,41
4,Bigtown Academy,Art,94
5,Bigtown Academy,Chemistry,97
5,Bigtown Academy,Biology,65
5,Bigtown Academy,English,53
5,Bigtown Academy,French,70
5,Bigtown Academy,German,43
5,Bigtown Academy,Mathematics,94
5,Bigtown Academy,Art,61
6,Bigtown Academy,Chemistry,77
6,Bigtown Academy,Physics,30
6,Bigtown Academy,Biology,44
6,Bigtown Academy,English,30
6,Bigtown Academy,French,97
6,Bigtown Academy,German,53
6,Bigtown Academy,Mathematics,70
6,Bigtown Academy,Art,32
7,Bigtown Academy,Chemistry,21
7,Bigtown Academy,Physics,82
7,Bigtown Academy,Biology,69
7,Bigtown Academy,English,58
7,Bigtown Academy,French,63
7,Bigtown Academy,German,56
7,Bigtown Academy,Mathematics,95
7,Bigtown Academy,Art,66
8,Bigtown Academy,Chemistry,38
8,Bigtown Academy,Physics,69
8,Bigtown Academy,Biology,23
8,Bigtown Academy,French,79
8,Bigtown Academy,German,32
8,Bigtown Academy,Mathematics,66
8,Bigtown Academy,Art,91
9,Bigtown Academy,Chemistry,67
9,Bigtown Academy,Physics,61
9,Bigtown Academy,Biology,91
9,Bigtown Academy,English,62
9,Bigtown Academy,French,56
9,Bigtown Academy,German,74
9,Bigtown Academy,Mathematics,70
10,Bigtown Academy,Chemistry,69
10,Bigtown Academy,Physics,77
10,Bigtown Academy,Biology,62
10,Bigtown Academy,English,43
10,Bigtown Academy,French,53
10,Bigtown Academy,German,46
10,Bigtown Academy,Mathematics,34
10,Bigtown Academy,Art,51
11,Bigtown Academy,Chemistry,80
11,Bigtown Academy,Physics,94
11,Bigtown Academy,Biology,65
11,Bigtown Academy,English,51
11,Bigtown Academy,French,42
11,Bigtown Academy,German,45
11,Bigtown Academy,Mathematics,60
11,Bigtown Academy,Art,68
12,Bigtown Academy,Chemistry,62
12,Bigtown Academy,Physics,65
12,Bigtown Academy,Biology,73
12,Bigtown Academy,English,81
12,Bigtown Academy,French,37
12,Bigtown Academy,German,11
12,Bigtown Academy,Mathematics,88
12,Bigtown Academy,Art,68
13,Bigtown Academy,Chemistry,67
13,Bigtown Academy,Physics,76
13,Bigtown Academy,Biology,78
13,Bigtown Academy,English,57
13,Bigtown Academy,French,22
13,Bigtown Academy,German,68
13,Bigtown Academy,Mathematics,39
13,Bigtown Academy,Art,70
14,Bigtown Academy,Chemistry,40
14,Bigtown Academy,Physics,71
14,Bigtown Academy,Biology,48
14,Bigtown Academy,English,67
14,Bigtown Academy,French,14
14,Bigtown Academy,German,89
14,Bigtown Academy,Mathematics,77
14,Bigtown Academy,Art,56
15,Bigtown Academy,Chemistry,42
15,Bigtown Academy,Physics,66
15,Bigtown Academy,Biology,55
15,Bigtown Academy,English,50
15,Bigtown Academy,French,14
15,Bigtown Academy,German,30
15,Bigtown Academy,Mathematics,68
15,Bigtown Academy,Art,67
16,Bigtown Academy,Chemistry,63
16,Bigtown Academy,Physics,73
16,Bigtown Academy,Biology,48
16,Bigtown Academy,English,47
16,Bigtown Academy,French,13
16,Bigtown Academy,German,68
16,Bigtown Academy,Mathematics,70
17,Bigtown Academy,Chemistry,33
17,Bigtown Academy,Physics,69
17,Bigtown Academy,Biology,64
17,Bigtown Academy,English,92
17,Bigtown Academy,French,11
17,Bigtown Academy,German,64
17,Bigtown Academy,Mathematics,32
17,Bigtown Academy,Art,65
18,Bigtown Academy,Chemistry,35
18,Bigtown Academy,Physics,82
18,Bigtown Academy,Biology,48
18,Bigtown Academy,English,69
18,Bigtown Academy,French,58
18,Bigtown Academy,German,45
18,Bigtown Academy,Mathematics,38
18,Bigtown Academy,Art,67
19,Bigtown Academy,Physics,89
19,Bigtown Academy,Biology,11
19,Bigtown Academy,English,70
19,Bigtown Academy,French,57
19,Bigtown Academy,German,67
19,Bigtown Academy,Mathematics,76
19,Bigtown Academy,Art,90
20,Bigtown Academy,Chemistry,91
20,Bigtown Academy,Physics,11
20,Bigtown Academy,Biology,91
20,Bigtown Academy,English,92
20,Bigtown Academy,French,66
20,Bigtown Academy,German,89
20,Bigtown Academy,Mathematics,78
20,Bigtown Academy,Art,34
21,Bigtown Academy,Chemistry,51
21,Bigtown Academy,Physics,65
21,Bigtown Academy,French,98
21,Bigtown Academy,German,14
21,Bigtown Academy,Mathematics,68
21,Bigtown Academy,Art,92
22,Bigtown Academy,Chemistry,90
22,Bigtown Academy,Physics,67
22,Bigtown Academy,Biology,52
22,Bigtown Academy,English,67
22,Bigtown Academy,French,58
22,Bigtown Academy,German,24
22,Bigtown Academy,Mathematics,46
22,Bigtown Academy,Art,81
23,Bigtown Academy,Chemistry,92
23,Bigtown Academy,Physics,89
23,Bigtown Academy,Biology,90
23,Bigtown Academy,English,48
23,Bigtown Academy,French,79
23,Bigtown Academy,German,23
23,Bigtown Academy,Mathematics,60
23,Bigtown Academy,Art,84
24,Bigtown Academy,Chemistry,35
24,Bigtown Academy,Physics,74
24,Bigtown Academy,Biology,70
24,Bigtown Academy,English,36
24,Bigtown Academy,German,53
24,Bigtown Academy,Mathematics,35
24,Bigtown Academy,Art,64
25,Bigtown Academy,Chemistry,65
25,Bigtown Academy,Physics,69
25,Bigtown Academy,Biology,86
25,Bigtown Academy,English,64
25,Bigtown Academy,French,67
25,Bigtown Academy,German,96
25,Bigtown Academy,Mathematics,51
25,Bigtown Academy,Art,42
26,Bigtown Academy,Chemistry,64
26,Bigtown Academy,Physics,90
26,Bigtown Academy,Biology,91
26,Bigtown Academy,English,45
26,Bigtown Academy,French,64
26,Bigtown Academy,German,37
26,Bigtown Academy,Mathematics,77
26,Bigtown Academy,Art,64
27,Bigtown Academy,Chemistry,91
27,Bigtown Academy,Physics,95
27,Bigtown Academy,Biology,66
27,Bigtown Academy,English,66
27,Bigtown Academy,French,56
27,Bigtown Academy,German,79
27,Bigtown Academy,Mathematics,89
27,Bigtown Academy,Art,67
28,Bigtown Academy,Chemistry,36
28,Bigtown Academy,Physics,31
28,Bigtown Academy,Biology,67
28,Bigtown Academy,English,40
28,Bigtown Academy,French,31
28,Bigtown Academy,German,72
28,Bigtown Academy,Mathematics,67
28,Bigtown Academy,Art,68
29,Bigtown Academy,Chemistry,38
29,Bigtown Academy,Physics,69
29,Bigtown Academy,Biology,97
29,Bigtown Academy,English,38
29,Bigtown Academy,French,61
29,Bigtown Academy,Mathematics,50
29,Bigtown Academy,Art,58
30,Bigtown Academy,Chemistry,54
30,Bigtown Academy,Physics,39
30,Bigtown Academy,Biology,37
30,Bigtown Academy,English,22
30,Bigtown Academy,French,21
30,Bigtown Academy,German,69
30,Bigtown Academy,Mathematics,51
30,Bigtown Academy,Art,14
31,Bigtown Academy,Physics,21
31,Bigtown Academy,Biology,97
31,Bigtown Academy,English,79
31,Bigtown Academy,German,77
31,Bigtown Academy,Mathematics,24
31,Bigtown Academy,Art,37
32,Mediumtown College,Chemistry,12
32,Mediumtown College,Physics,33
32,Mediumtown College,Biology,22
32,Mediumtown College,English,97
32,Mediumtown College,French,83
32,Mediumtown College,German,81
32,Mediumtown College,Mathematics,39
32,Mediumtown College,Art,69
33,Mediumtown College,Chemistry,49
33,Mediumtown College,Physics,40
33,Mediumtown College,Biology,48
33,Mediumtown College,English,31
33,Mediumtown College,French,38
33,Mediumtown College,German,22
33,Mediumtown College,Mathematics,99
33,Mediumtown College,Art,98
34,Mediumtown College,Chemistry,64
34,Mediumtown College,Physics,67
34,Mediumtown College,Biology,31
34,Mediumtown College,English,39
34,Mediumtown College,French,65
34,Mediumtown College,German,65
34,Mediumtown College,Mathematics,11
34,Mediumtown College,Art,14
35,Mediumtown College,Chemistry,44
35,Mediumtown College,Physics,90
35,Mediumtown College,Biology,69
35,Mediumtown College,English,51
35,Mediumtown College,French,87
35,Mediumtown College,German,64
35,Mediumtown College,Mathematics,99
35,Mediumtown College,Art,93
36,Mediumtown College,Physics,68
36,Mediumtown College,Biology,68
36,Mediumtown College,English,78
36,Mediumtown College,French,37
36,Mediumtown College,German,21
36,Mediumtown College,Mathematics,66
36,Mediumtown College,Art,78
37,Mediumtown College,Chemistry,66
37,Mediumtown College,Physics,41
37,Mediumtown College,Biology,65
37,Mediumtown College,English,80
37,Mediumtown College,French,91
37,Mediumtown College,German,71
37,Mediumtown College,Mathematics,49
37,Mediumtown College,Art,76
38,Mediumtown College,Chemistry,68
38,Mediumtown College,Physics,44
38,Mediumtown College,Biology,84
38,Mediumtown College,English,83
38,Mediumtown College,French,67
38,Mediumtown College,German,42
38,Mediumtown College,Mathematics,23
38,Mediumtown College,Art,63
39,Mediumtown College,Chemistry,65
39,Mediumtown College,Physics,13
39,Mediumtown College,Biology,56
39,Mediumtown College,English,79
39,Mediumtown College,French,67
39,Mediumtown College,German,67
39,Mediumtown College,Mathematics,39
39,Mediumtown College,Art,82
40,Mediumtown College,Chemistry,69
40,Mediumtown College,Physics,46
40,Mediumtown College,Biology,45
40,Mediumtown College,English,69
40,Mediumtown College,French,69
40,Mediumtown College,German,32
40,Mediumtown College,Mathematics,45
40,Mediumtown College,Art,82
41,Mediumtown College,Chemistry,99
41,Mediumtown College,Physics,96
41,Mediumtown College,Biology,47
41,Mediumtown College,English,22
41,Mediumtown College,French,35
41,Mediumtown College,German,69
41,Mediumtown College,Mathematics,80
41,Mediumtown College,Art,69
42,Mediumtown College,Chemistry,70
42,Mediumtown College,Physics,37
42,Mediumtown College,Biology,82
42,Mediumtown College,English,87
42,Mediumtown College,French,93
42,Mediumtown College,German,68
42,Mediumtown College,Mathematics,34
42,Mediumtown College,Art,66
43,Mediumtown College,Chemistry,38
43,Mediumtown College,Physics,52
43,Mediumtown College,Biology,64
43,Mediumtown College,English,61
43,Mediumtown College,French,22
43,Mediumtown College,German,69
43,Mediumtown College,Mathematics,69
43,Mediumtown College,Art,67
44,Mediumtown College,Chemistry,54
44,Mediumtown College,Physics,94
44,Mediumtown College,Biology,40
44,Mediumtown College,English,89
44,Mediumtown College,French,55
44,Mediumtown College,German,47
44,Mediumtown College,Mathematics,33
44,Mediumtown College,Art,68
45,Mediumtown College,Chemistry,65
45,Mediumtown College,Physics,69
45,Mediumtown College,Biology,68
45,Mediumtown College,English,33
45,Mediumtown College,French,82
45,Mediumtown College,German,34
45,Mediumtown College,Mathematics,94
45,Mediumtown College,Art,72
46,Mediumtown College,Chemistry,48
46,Mediumtown College,Physics,73
46,Mediumtown College,Biology,70
46,Mediumtown College,English,65
46,Mediumtown College,French,59
46,Mediumtown College,German,59
46,Mediumtown College,Mathematics,65
46,Mediumtown College,Art,49
47,Mediumtown College,Chemistry,66
47,Mediumtown College,Physics,14
47,Mediumtown College,Biology,61
47,Mediumtown College,English,61
47,Mediumtown College,French,69
47,Mediumtown College,German,61
47,Mediumtown College,Mathematics,83
47,Mediumtown College,Art,69
48,Mediumtown College,Chemistry,51
48,Mediumtown College,Physics,82
48,Mediumtown College,Biology,41
48,Mediumtown College,English,65
48,Mediumtown College,French,46
48,Mediumtown College,German,69
48,Mediumtown College,Mathematics,70
48,Mediumtown College,Art,22
49,Mediumtown College,Chemistry,64
49,Mediumtown College,Physics,67
49,Mediumtown College,Biology,12
49,Mediumtown College,English,97
49,Mediumtown College,French,63
49,Mediumtown College,German,54
49,Mediumtown College,Mathematics,68
49,Mediumtown College,Art,93
50,Mediumtown College,Chemistry,67
50,Mediumtown College,Physics,70
50,Mediumtown College,Biology,48
50,Mediumtown College,English,55
50,Mediumtown College,French,65
50,Mediumtown College,German,34
50,Mediumtown College,Mathematics,48
50,Mediumtown College,Art,57
51,Mediumtown College,Chemistry,43
51,Mediumtown College,Physics,89
51,Mediumtown College,Biology,79
51,Mediumtown College,English,94
51,Mediumtown College,French,57
51,Mediumtown College,German,24
51,Mediumtown College,Mathematics,65
51,Mediumtown College,Art,37
52,Mediumtown College,Chemistry,35
52,Mediumtown College,Physics,81
52,Mediumtown College,Biology,68
52,Mediumtown College,English,70
52,Mediumtown College,French,89
52,Mediumtown College,German,41
52,Mediumtown College,Mathematics,23
52,Mediumtown College,Art,23
53,Mediumtown College,Chemistry,96
53,Mediumtown College,Physics,14
53,Mediumtown College,Biology,39
53,Mediumtown College,English,97
53,Mediumtown College,French,64
53,Mediumtown College,German,65
53,Mediumtown College,Mathematics,56
53,Mediumtown College,Art,37
54,Mediumtown College,Chemistry,67
54,Mediumtown College,Physics,66
54,Mediumtown College,Biology,42
54,Mediumtown College,English,99
54,Mediumtown College,French,66
54,Mediumtown College,German,11
54,Mediumtown College,Mathematics,65
54,Mediumtown College,Art,64
55,Mediumtown College,Chemistry,53
55,Mediumtown College,Physics,83
55,Mediumtown College,Biology,80
55,Mediumtown College,English,77
55,Mediumtown College,French,70
55,Mediumtown College,German,92
55,Mediumtown College,Mathematics,58
56,Mediumtown College,Chemistry,94
56,Mediumtown College,Physics,89
56,Mediumtown College,Biology,31
56,Mediumtown College,English,69
56,Mediumtown College,French,74
56,Mediumtown College,German,70
56,Mediumtown College,Mathematics,70
56,Mediumtown College,Art,44
57,Mediumtown College,Chemistry,61
57,Mediumtown College,Physics,62
57,Mediumtown College,Biology,76
57,Mediumtown College,English,48
57,Mediumtown College,French,93
57,Mediumtown College,German,87
57,Mediumtown College,Mathematics,68
57,Mediumtown College,Art,97
58,Mediumtown College,Chemistry,70
58,Mediumtown College,Physics,35
58,Mediumtown College,Biology,72
58,Mediumtown College,English,63
58,Mediumtown College,French,56
58,Mediumtown College,German,81
58,Mediumtown College,Mathematics,37
58,Mediumtown College,Art,90
59,Mediumtown College,Chemistry,67
59,Mediumtown College,Physics,82
59,Mediumtown College,Biology,70
59,Mediumtown College,English,50
59,Mediumtown College,French,63
59,Mediumtown College,German,69
59,Mediumtown College,Mathematics,84
59,Mediumtown College,Art,98
60,Mediumtown College,Chemistry,55
60,Mediumtown College,Physics,55
60,Mediumtown College,English,13
60,Mediumtown College,French,75
60,Mediumtown College,German,94
60,Mediumtown College,Mathematics,66
60,Mediumtown College,Art,67
61,Mediumtown College,Chemistry,31
61,Mediumtown College,Physics,34
61,Mediumtown College,Biology,65
61,Mediumtown College,English,35
61,Mediumtown College,French,96
61,Mediumtown College,German,49
61,Mediumtown College,Mathematics,61
61,Mediumtown College,Art,71
62,Mediumtown College,Chemistry,45
62,Mediumtown College,Biology,59
62,Mediumtown College,English,69
62,Mediumtown College,French,89
62,Mediumtown College,Mathematics,79
62,Mediumtown College,Art,59
63,Mediumtown College,Chemistry,23
63,Mediumtown College,Physics,65
63,Mediumtown College,Biology,68
63,Mediumtown College,English,65
63,Mediumtown College,French,56
63,Mediumtown College,Mathematics,65
63,Mediumtown College,Art,65
64,Mediumtown College,Chemistry,82
64,Mediumtown College,Physics,44
64,Mediumtown College,Biology,60
64,Mediumtown College,English,51
64,Mediumtown College,French,83
64,Mediumtown College,German,90
64,Mediumtown College,Mathematics,94
64,Mediumtown College,Art,69
65,Mediumtown College,Chemistry,56
65,Mediumtown College,Biology,11
65,Mediumtown College,English,61
65,Mediumtown College,French,64
65,Mediumtown College,German,14
65,Mediumtown College,Mathematics,69
65,Mediumtown College,Art,24
66,Mediumtown College,Chemistry,69
66,Mediumtown College,Physics,88
66,Mediumtown College,Biology,61
66,Mediumtown College,English,55
66,Mediumtown College,French,52
66,Mediumtown College,German,56
66,Mediumtown College,Mathematics,67
66,Mediumtown College,Art,91
67,Mediumtown College,Chemistry,70
67,Mediumtown College,Physics,68
67,Mediumtown College,Biology,84
67,Mediumtown College,English,32
67,Mediumtown College,French,21
67,Mediumtown College,German,42
67,Mediumtown College,Mathematics,90
67,Mediumtown College,Art,65
68,Mediumtown College,Chemistry,89
68,Mediumtown College,Physics,66
68,Mediumtown College,Biology,87
68,Mediumtown College,English,66
68,Mediumtown College,French,68
68,Mediumtown College,German,34
68,Mediumtown College,Mathematics,36
68,Mediumtown College,Art,13
69,Largetown School,Chemistry,70
69,Largetown School,Physics,64
69,Largetown School,Biology,64
69,Largetown School,English,30
69,Largetown School,French,60
69,Largetown School,German,58
69,Largetown School,Mathematics,94
69,Largetown School,Art,88
70,Largetown School,Chemistry,68
70,Largetown School,Physics,11
70,Largetown School,Biology,76
70,Largetown School,English,65
70,Largetown School,French,60
70,Largetown School,German,60
70,Largetown School,Mathematics,83
70,Largetown School,Art,33
71,Largetown School,Chemistry,67
71,Largetown School,Physics,38
71,Largetown School,Biology,93
71,Largetown School,English,78
71,Largetown School,French,53
71,Largetown School,German,84
71,Largetown School,Mathematics,69
71,Largetown School,Art,62
72,Largetown School,Chemistry,88
72,Largetown School,Physics,84
72,Largetown School,Biology,45
72,Largetown School,English,71
72,Largetown School,French,94
72,Largetown School,German,68
72,Largetown School,Mathematics,52
72,Largetown School,Art,65
73,Largetown School,Chemistry,39
73,Largetown School,Physics,66
73,Largetown School,Biology,37
73,Largetown School,English,87
73,Largetown School,French,58
73,Largetown School,German,54
73,Largetown School,Mathematics,49
73,Largetown School,Art,66
74,Largetown School,Chemistry,13
74,Largetown School,Physics,31
74,Largetown School,Biology,74
74,Largetown School,English,45
74,Largetown School,French,44
74,Largetown School,German,86
74,Largetown School,Mathematics,95
74,Largetown School,Art,80
75,Largetown School,Chemistry,65
75,Largetown School,Physics,60
75,Largetown School,Biology,66
75,Largetown School,English,97
75,Largetown School,French,69
75,Largetown School,German,92
75,Largetown School,Mathematics,74
75,Largetown School,Art,53
76,Largetown School,Chemistry,59
76,Largetown School,Physics,92
76,Largetown School,Biology,21
76,Largetown School,English,67
76,Largetown School,French,74
76,Largetown School,German,70
76,Largetown School,Mathematics,84
76,Largetown School,Art,61
77,Largetown School,Chemistry,66
77,Largetown School,Physics,90
77,Largetown School,Biology,82
77,Largetown School,English,70
77,Largetown School,French,95
77,Largetown School,German,55
77,Largetown School,Art,59
78,Largetown School,Chemistry,96
78,Largetown School,Physics,36
78,Largetown School,Biology,99
78,Largetown School,English,41
78,Largetown School,French,89
78,Largetown School,German,22
78,Largetown School,Mathematics,22
78,Largetown School,Art,76
79,Largetown School,Chemistry,48
79,Largetown School,Physics,97
79,Largetown School,Biology,96
79,Largetown School,English,68
79,Largetown School,French,11
79,Largetown School,German,65
79,Largetown School,Mathematics,23
79,Largetown School,Art,98
80,Largetown School,Chemistry,78
80,Largetown School,Physics,69
80,Largetown School,Biology,52
80,Largetown School,English,57
80,Largetown School,French,71
80,Largetown School,German,33
80,Largetown School,Mathematics,54
80,Largetown School,Art,34
81,Largetown School,Chemistry,68
81,Largetown School,Physics,69
81,Largetown School,English,80
81,Largetown School,French,53
81,Largetown School,German,76
81,Largetown School,Mathematics,95
81,Largetown School,Art,53
82,Largetown School,Chemistry,36
82,Largetown School,Physics,80
82,Largetown School,Biology,24
82,Largetown School,English,70
82,Largetown School,French,64
82,Largetown School,German,68
82,Largetown School,Mathematics,54
82,Largetown School,Art,53
83,Largetown School,Chemistry,76
83,Largetown School,Physics,33
83,Largetown School,Biology,68
83,Largetown School,English,65
83,Largetown School,French,67
83,Largetown School,German,37
83,Largetown School,Mathematics,55
83,Largetown School,Art,64
84,Largetown School,Chemistry,93
84,Largetown School,Physics,67
84,Largetown School,Biology,69
84,Largetown School,English,40
84,Largetown School,French,87
84,Largetown School,German,47
84,Largetown School,Mathematics,65
85,Largetown School,Chemistry,71
85,Largetown School,Physics,40
85,Largetown School,Biology,44
85,Largetown School,English,22
85,Largetown School,French,64
85,Largetown School,German,67
85,Largetown School,Art,70
86,Largetown School,Chemistry,31
86,Largetown School,Physics,59
86,Largetown School,Biology,58
86,Largetown School,English,23
86,Largetown School,French,71
86,Largetown School,German,86
86,Largetown School,Mathematics,60
86,Largetown School,Art,81
87,Largetown School,Chemistry,12
87,Largetown School,Physics,85
87,Largetown School,Biology,30
87,Largetown School,English,32
87,Largetown School,French,21
87,Largetown School,German,65
87,Largetown School,Mathematics,35
87,Largetown School,Art,49
88,Largetown School,Chemistry,70
88,Largetown School,Physics,23
88,Largetown School,Biology,34
88,Largetown School,English,84
88,Largetown School,French,53
88,Largetown School,German,68
88,Largetown School,Mathematics,60
88,Largetown School,Art,44
89,Largetown School,Chemistry,23
89,Largetown School,Physics,52
89,Largetown School,Biology,68
89,Largetown School,English,66
89,Largetown School,French,68
89,Largetown School,German,65
89,Largetown School,Mathematics,82
89,Largetown School,Art,89
90,Largetown School,Chemistry,55
90,Largetown School,Physics,31
90,Largetown School,Biology,38
90,Largetown School,English,61
90,Largetown School,French,91
90,Largetown School,Mathematics,34
90,Largetown School,Art,38
91,Largetown School,Chemistry,68
91,Largetown School,Physics,42
91,Largetown School,Biology,68
91,Largetown School,English,69
91,Largetown School,French,47
91,Largetown School,German,39
91,Largetown School,Mathematics,33
91,Largetown School,Art,32
92,Largetown School,Chemistry,98
92,Largetown School,Physics,66
92,Largetown School,Biology,96
92,Largetown School,English,70
92,Largetown School,French,71
92,Largetown School,German,39
92,Largetown School,Mathematics,50
92,Largetown School,Art,65
93,Largetown School,Chemistry,67
93,Largetown School,Physics,68
93,Largetown School,Biology,45
93,Largetown School,English,31
93,Largetown School,French,67
93,Largetown School,German,71
93,Largetown School,Mathematics,83
93,Largetown School,Art,45
94,Largetown School,Chemistry,56
94,Largetown School,Physics,70
94,Largetown School,English,46
94,Largetown School,French,22
94,Largetown School,German,66
94,Largetown School,Mathematics,67
94,Largetown School,Art,62
95,Largetown School,Chemistry,57
95,Largetown School,Physics,65
95,Largetown School,Biology,81
95,Largetown School,English,70
95,Largetown School,French,52
95,Largetown School,German,70
95,Largetown School,Mathematics,46
95,Largetown School,Art,92
96,Largetown School,Chemistry,13
96,Largetown School,Physics,96
96,Largetown School,Biology,31
96,Largetown School,English,94
96,Largetown School,German,98
96,Largetown School,Mathematics,66
97,Largetown School,Chemistry,73
97,Largetown School,Physics,74
97,Largetown School,Biology,62
97,Largetown School,English,98
97,Largetown School,French,68
97,Largetown School,German,31
97,Largetown School,Mathematics,89
97,Largetown School,Art,41
98,Largetown School,Chemistry,35
98,Largetown School,Physics,75
98,Largetown School,Biology,51
98,Largetown School,English,40
98,Largetown School,French,51
98,Largetown School,German,34
98,Largetown School,Mathematics,84
98,Largetown School,Art,22
99,Largetown School,Chemistry,42
99,Largetown School,Physics,64
99,Largetown School,English,88
99,Largetown School,French,64
99,Largetown School,German,95
99,Largetown School,Mathematics,39
99,Largetown School,Art,22
100,Largetown School,Chemistry,37
100,Largetown School,Physics,69
100,Largetown School,Biology,48
100,Largetown School,English,92
100,Largetown School,French,62
100,Largetown School,German,67
100,Largetown School,Mathematics,68
100,Largetown School,Art,42
101,Largetown School,Chemistry,91
101,Largetown School,Physics,43
101,Largetown School,Biology,11
101,Largetown School,English,41
101,Largetown School,French,88
101,Largetown School,German,51
101,Largetown School,Mathematics,13
101,Largetown School,Art,87
102,Largetown School,Chemistry,67
102,Largetown School,Physics,83
102,Largetown School,Biology,88
102,Largetown School,English,87
102,Largetown School,French,46
102,Largetown School,German,55
102,Largetown School,Mathematics,95
102,Largetown School,Art,67
103,Largetown School,Chemistry,69
103,Largetown School,Physics,90
103,Largetown School,Biology,38
103,Largetown School,English,47
103,Largetown School,French,87
103,Largetown School,German,34
103,Largetown School,Mathematics,74
103,Largetown School,Art,12
104,Largetown School,Chemistry,39
104,Largetown School,Physics,65
104,Largetown School,Biology,13
104,Largetown School,English,33
104,Largetown School,French,42
104,Largetown School,German,66
104,Largetown School,Mathematics,93
104,Largetown School,Art,30
105,Smalltown Academy,Chemistry,91
105,Smalltown Academy,Physics,40
105,Smalltown Academy,Biology,75
105,Smalltown Academy,English,14
105,Smalltown Academy,French,12
105,Smalltown Academy,German,69
105,Smalltown Academy,Mathematics,66
105,Smalltown Academy,Art,12
106,Smalltown Academy,Chemistry,39
106,Smalltown Academy,Physics,81
106,Smalltown Academy,Biology,84
106,Smalltown Academy,English,67
106,Smalltown Academy,French,65
106,Smalltown Academy,Mathematics,81
106,Smalltown Academy,Art,59
107,Smalltown Academy,Chemistry,67
107,Smalltown Academy,Physics,65
107,Smalltown Academy,Biology,70
107,Smalltown Academy,English,69
107,Smalltown Academy,French,43
107,Smalltown Academy,German,51
107,Smalltown Academy,Mathematics,79
107,Smalltown Academy,Art,82
108,Smalltown Academy,Chemistry,47
108,Smalltown Academy,Physics,47
108,Smalltown Academy,Biology,69
108,Smalltown Academy,English,36
108,Smalltown Academy,French,77
108,Smalltown Academy,German,74
108,Smalltown Academy,Mathematics,52
108,Smalltown Academy,Art,24
109,Smalltown Academy,Chemistry,85
109,Smalltown Academy,Physics,91
109,Smalltown Academy,Biology,67
109,Smalltown Academy,English,64
109,Smalltown Academy,French,41
109,Smalltown Academy,German,66
109,Smalltown Academy,Art,82
110,Smalltown Academy,Chemistry,75
110,Smalltown Academy,Physics,53
110,Smalltown Academy,Biology,73
110,Smalltown Academy,English,64
110,Smalltown Academy,French,51
110,Smalltown Academy,German,93
110,Smalltown Academy,Mathematics,38
110,Smalltown Academy,Art,99
111,Smalltown Academy,Chemistry,86
111,Smalltown Academy,Physics,71
111,Smalltown Academy,Biology,98
111,Smalltown Academy,English,89
111,Smalltown Academy,French,73
111,Smalltown Academy,German,94
111,Smalltown Academy,Mathematics,77
111,Smalltown Academy,Art,44
112,Smalltown Academy,Chemistry,14
112,Smalltown Academy,Physics,99
112,Smalltown Academy,Biology,13
112,Smalltown Academy,English,53
112,Smalltown Academy,French,43
112,Smalltown Academy,German,76
112,Smalltown Academy,Mathematics,84
112,Smalltown Academy,Art,45
113,Smalltown Academy,Chemistry,41
113,Smalltown Academy,Physics,67
113,Smalltown Academy,Biology,95
113,Smalltown Academy,English,77
113,Smalltown Academy,French,67
113,Smalltown Academy,German,70
113,Smalltown Academy,Mathematics,49
113,Smalltown Academy,Art,74
114,Smalltown Academy,Chemistry,75
114,Smalltown Academy,Physics,88
114,Smalltown Academy,Biology,67
114,Smalltown Academy,English,68
114,Smalltown Academy,French,66
114,Smalltown Academy,German,41
114,Smalltown Academy,Mathematics,23
114,Smalltown Academy,Art,88
115,Smalltown Academy,Chemistry,66
115,Smalltown Academy,Physics,76
115,Smalltown Academy,Biology,14
115,Smalltown Academy,English,63
115,Smalltown Academy,French,68
115,Smalltown Academy,German,47
115,Smalltown Academy,Mathematics,96
115,Smalltown Academy,Art,89
116,Smalltown Academy,Chemistry,64
116,Smalltown Academy,Physics,14
116,Smalltown Academy,Biology,97
116,Smalltown Academy,English,37
116,Smalltown Academy,French,66
116,Smalltown Academy,German,24
116,Smalltown Academy,Mathematics,65
116,Smalltown Academy,Art,40
117,Smalltown Academy,Chemistry,69
117,Smalltown Academy,Physics,82
117,Smalltown Academy,Biology,81
117,Smalltown Academy,English,96
117,Smalltown Academy,French,40
117,Smalltown Academy,German,47
117,Smalltown Academy,Mathematics,73
117,Smalltown Academy,Art,65
118,Smalltown Academy,Chemistry,74
118,Smalltown Academy,Physics,37
118,Smalltown Academy,Biology,55
118,Smalltown Academy,English,66
118,Smalltown Academy,French,78
118,Smalltown Academy,Mathematics,60
119,Smalltown Academy,Chemistry,34
119,Smalltown Academy,Physics,69
119,Smalltown Academy,Biology,63
119,Smalltown Academy,English,35
119,Smalltown Academy,French,62
119,Smalltown Academy,Mathematics,66
119,Smalltown Academy,Art,89
120,Smalltown Academy,Chemistry,86
120,Smalltown Academy,Physics,33
120,Smalltown Academy,Biology,32
120,Smalltown Academy,English,56
120,Smalltown Academy,French,91
120,Smalltown Academy,German,64
120,Smalltown Academy,Mathematics,78
120,Smalltown Academy,Art,22
121,Smalltown Academy,Chemistry,66
121,Smalltown Academy,Biology,40
121,Smalltown Academy,English,53
121,Smalltown Academy,French,66
121,Smalltown Academy,German,93
121,Smalltown Academy,Mathematics,77
121,Smalltown Academy,Art,22
122,Smalltown Academy,Chemistry,70
122,Smalltown Academy,Physics,93
122,Smalltown Academy,Biology,85
122,Smalltown Academy,English,22
122,Smalltown Academy,German,79
122,Smalltown Academy,Mathematics,65
122,Smalltown Academy,Art,42
123,Smalltown Academy,Chemistry,48
123,Smalltown Academy,Physics,86
123,Smalltown Academy,Biology,97
123,Smalltown Academy,English,49
123,Smalltown Academy,French,80
123,Smalltown Academy,German,70
123,Smalltown Academy,Art,13
124,Smalltown Academy,Chemistry,47
124,Smalltown Academy,Physics,99
124,Smalltown Academy,Biology,40
124,Smalltown Academy,English,59
124,Smalltown Academy,French,70
124,Smalltown Academy,German,57
124,Smalltown Academy,Mathematics,50
125,Smalltown Academy,Chemistry,58
125,Smalltown Academy,Physics,66
125,Smalltown Academy,Biology,12
125,Smalltown Academy,English,66
125,Smalltown Academy,French,66
125,Smalltown Academy,German,22
125,Smalltown Academy,Mathematics,35
125,Smalltown Academy,Art,82
126,Hugetown Academy,Chemistry,32
126,Hugetown Academy,Physics,13
126,Hugetown Academy,Biology,21
126,Hugetown Academy,English,53
126,Hugetown Academy,French,43
126,Hugetown Academy,German,72
126,Hugetown Academy,Mathematics,84
126,Hugetown Academy,Art,57
127,Hugetown Academy,Chemistry,42
127,Hugetown Academy,Physics,67
127,Hugetown Academy,Biology,56
127,Hugetown Academy,English,31
127,Hugetown Academy,French,92
127,Hugetown Academy,German,67
127,Hugetown Academy,Mathematics,37
127,Hugetown Academy,Art,85
128,Hugetown Academy,Chemistry,42
128,Hugetown Academy,Biology,91
128,Hugetown Academy,English,81
128,Hugetown Academy,French,58
128,Hugetown Academy,German,83
128,Hugetown Academy,Mathematics,95
128,Hugetown Academy,Art,11
129,Hugetown Academy,Chemistry,85
129,Hugetown Academy,Physics,94
129,Hugetown Academy,Biology,98
129,Hugetown Academy,English,72
129,Hugetown Academy,French,77
129,Hugetown Academy,German,32
129,Hugetown Academy,Mathematics,88
129,Hugetown Academy,Art,64
130,Hugetown Academy,Chemistry,66
130,Hugetown Academy,Physics,94
130,Hugetown Academy,Biology,73
130,Hugetown Academy,English,64
130,Hugetown Academy,French,62
130,Hugetown Academy,German,90
130,Hugetown Academy,Mathematics,12
130,Hugetown Academy,Art,67
131,Hugetown Academy,Chemistry,64
131,Hugetown Academy,Physics,84
131,Hugetown Academy,Biology,90
131,Hugetown Academy,English,12
131,Hugetown Academy,French,74
131,Hugetown Academy,German,74
131,Hugetown Academy,Mathematics,68
131,Hugetown Academy,Art,74
132,Hugetown Academy,Chemistry,70
132,Hugetown Academy,Physics,94
132,Hugetown Academy,Biology,61
132,Hugetown Academy,English,13
132,Hugetown Academy,French,86
132,Hugetown Academy,German,34
132,Hugetown Academy,Mathematics,70
132,Hugetown Academy,Art,91
133,Hugetown Academy,Chemistry,90
133,Hugetown Academy,Physics,61
133,Hugetown Academy,Biology,75
133,Hugetown Academy,French,39
133,Hugetown Academy,German,35
133,Hugetown Academy,Art,22
134,Hugetown Academy,Chemistry,30
134,Hugetown Academy,Physics,54
134,Hugetown Academy,Biology,66
134,Hugetown Academy,English,79
134,Hugetown Academy,French,70
134,Hugetown Academy,German,52
134,Hugetown Academy,Mathematics,92
134,Hugetown Academy,Art,86
135,Hugetown Academy,Chemistry,11
135,Hugetown Academy,Physics,37
135,Hugetown Academy,Biology,93
135,Hugetown Academy,English,55
135,Hugetown Academy,French,86
135,Hugetown Academy,German,94
135,Hugetown Academy,Mathematics,73
135,Hugetown Academy,Art,39
136,Hugetown Academy,Chemistry,66
136,Hugetown Academy,Physics,35
136,Hugetown Academy,Biology,43
136,Hugetown Academy,English,70
136,Hugetown Academy,French,37
136,Hugetown Academy,German,88
136,Hugetown Academy,Mathematics,61
136,Hugetown Academy,Art,30
137,Hugetown Academy,Chemistry,64
137,Hugetown Academy,Physics,67
137,Hugetown Academy,Biology,85
137,Hugetown Academy,English,50
137,Hugetown Academy,French,37
137,Hugetown Academy,German,66
137,Hugetown Academy,Mathematics,57
137,Hugetown Academy,Art,49
138,Hugetown Academy,Chemistry,24
138,Hugetown Academy,Physics,57
138,Hugetown Academy,Biology,71
138,Hugetown Academy,English,67
138,Hugetown Academy,French,68
138,Hugetown Academy,German,62
138,Hugetown Academy,Mathematics,71
138,Hugetown Academy,Art,62
139,Hugetown Academy,Chemistry,69
139,Hugetown Academy,Physics,91
139,Hugetown Academy,Biology,44
139,Hugetown Academy,English,35
139,Hugetown Academy,French,41
139,Hugetown Academy,German,41
139,Hugetown Academy,Art,65
140,Hugetown Academy,Physics,49
140,Hugetown Academy,Biology,48
140,Hugetown Academy,English,87
140,Hugetown Academy,French,24
140,Hugetown Academy,German,50
140,Hugetown Academy,Mathematics,21
140,Hugetown Academy,Art,12
141,Hugetown Academy,Chemistry,35
141,Hugetown Academy,Physics,63
141,Hugetown Academy,Biology,11
141,Hugetown Academy,English,11
141,Hugetown Academy,French,68
141,Hugetown Academy,German,74
141,Hugetown Academy,Mathematics,23
141,Hugetown Academy,Art,93
142,Hugetown Academy,Chemistry,64
142,Hugetown Academy,Physics,86
142,Hugetown Academy,Biology,64
142,Hugetown Academy,English,34
142,Hugetown Academy,French,93
142,Hugetown Academy,Mathematics,95
142,Hugetown Academy,Art,69
143,Hugetown Academy,Chemistry,79
143,Hugetown Academy,Physics,73
143,Hugetown Academy,Biology,95
143,Hugetown Academy,English,67
143,Hugetown Academy,French,57
143,Hugetown Academy,German,23
143,Hugetown Academy,Mathematics,65
143,Hugetown Academy,Art,37
144,Hugetown Academy,Chemistry,72
144,Hugetown Academy,Physics,46
144,Hugetown Academy,Biology,12
144,Hugetown Academy,English,39
144,Hugetown Academy,French,92
144,Hugetown Academy,German,65
144,Hugetown Academy,Mathematics,73
144,Hugetown Academy,Art,80
145,Hugetown Academy,Chemistry,46
145,Hugetown Academy,Physics,57
145,Hugetown Academy,Biology,95
145,Hugetown Academy,English,23
145,Hugetown Academy,French,52
145,Hugetown Academy,German,37
145,Hugetown Academy,Mathematics,94
145,Hugetown Academy,Art,66
146,Hugetown Academy,Chemistry,97
146,Hugetown Academy,Physics,52
146,Hugetown Academy,Biology,66
146,Hugetown Academy,English,64
146,Hugetown Academy,French,96
146,Hugetown Academy,Art,65
147,Hugetown Academy,Chemistry,47
147,Hugetown Academy,Physics,95
147,Hugetown Academy,Biology,87
147,Hugetown Academy,English,99
147,Hugetown Academy,French,76
147,Hugetown Academy,German,33
147,Hugetown Academy,Mathematics,91
147,Hugetown Academy,Art,50
148,Hugetown Academy,Chemistry,89
148,Hugetown Academy,Physics,36
148,Hugetown Academy,English,82
148,Hugetown Academy,French,94
148,Hugetown Academy,German,24
148,Hugetown Academy,Mathematics,87
148,Hugetown Academy,Art,76
149,Hugetown Academy,Chemistry,75
149,Hugetown Academy,Physics,87
149,Hugetown Academy,Biology,82
149,Hugetown Academy,English,23
149,Hugetown Academy,French,72
149,Hugetown Academy,German,62
149,Hugetown Academy,Mathematics,68
149,Hugetown Academy,Art,68
150,Hugetown Academy,Physics,77
150,Hugetown Academy,Biology,52
150,Hugetown Academy,English,64
150,Hugetown Academy,French,70
150,Hugetown Academy,German,69
150,Hugetown Academy,Art,11
151,Hugetown Academy,Chemistry,41
151,Hugetown Academy,Physics,91
151,Hugetown Academy,Biology,73
151,Hugetown Academy,English,96
151,Hugetown Academy,French,67
151,Hugetown Academy,German,34
151,Hugetown Academy,Mathematics,56
151,Hugetown Academy,Art,51
152,Hugetown Academy,Chemistry,79
152,Hugetown Academy,Physics,70
152,Hugetown Academy,Biology,75
152,Hugetown Academy,English,73
152,Hugetown Academy,French,64
152,Hugetown Academy,German,34
152,Hugetown Academy,Mathematics,12
152,Hugetown Academy,Art,67
153,Hugetown Academy,Chemistry,64
153,Hugetown Academy,Physics,66
153,Hugetown Academy,Biology,66
153,Hugetown Academy,English,14
153,Hugetown Academy,French,31
153,Hugetown Academy,German,90
153,Hugetown Academy,Mathematics,52
153,Hugetown Academy,Art,84
154,Hugetown Academy,Chemistry,91
154,Hugetown Academy,Physics,90
154,Hugetown Academy,Biology,82
154,Hugetown Academy,English,67
154,Hugetown Academy,French,58
154,Hugetown Academy,German,77
154,Hugetown Academy,Mathematics,56
154,Hugetown Academy,Art,55
155,Hugetown Academy,Chemistry,40
155,Hugetown Academy,Physics,70
155,Hugetown Academy,Biology,69
155,Hugetown Academy,English,99
155,Hugetown Academy,French,67
155,Hugetown Academy,German,55
155,Hugetown Academy,Mathematics,46
155,Hugetown Academy,Art,43
156,Hugetown Academy,Physics,66
156,Hugetown Academy,Biology,70
156,Hugetown Academy,English,12
156,Hugetown Academy,French,44
156,Hugetown Academy,German,68
156,Hugetown Academy,Mathematics,72
156,Hugetown Academy,Art,83
157,Northtown School,Chemistry,57
157,Northtown School,Physics,47
157,Northtown School,Biology,69
157,Northtown School,English,66
157,Northtown School,French,65
157,Northtown School,German,66
157,Northtown School,Mathematics,52
157,Northtown School,Art,66
158,Northtown School,Chemistry,40
158,Northtown School,Physics,70
158,Northtown School,Biology,54
158,Northtown School,English,35
158,Northtown School,French,45
158,Northtown School,German,83
158,Northtown School,Mathematics,30
158,Northtown School,Art,56
159,Northtown School,Chemistry,86
159,Northtown School,Physics,70
159,Northtown School,Biology,39
159,Northtown School,English,68
159,Northtown School,French,51
159,Northtown School,German,68
159,Northtown School,Mathematics,48
159,Northtown School,Art,81
160,Northtown School,Chemistry,43
160,Northtown School,Physics,79
160,Northtown School,Biology,71
160,Northtown School,English,66
160,Northtown School,French,37
160,Northtown School,German,39
160,Northtown School,Mathematics,36
161,Northtown School,Chemistry,67
161,Northtown School,Physics,55
161,Northtown School,Biology,76
161,Northtown School,French,70
161,Northtown School,German,48
161,Northtown School,Art,38
162,Northtown School,Chemistry,46
162,Northtown School,Physics,71
162,Northtown School,Biology,30
162,Northtown School,English,81
162,Northtown School,French,23
162,Northtown School,German,58
162,Northtown School,Mathematics,45
162,Northtown School,Art,50
163,Northtown School,Chemistry,85
163,Northtown School,Physics,81
163,Northtown School,Biology,34
163,Northtown School,English,41
163,Northtown School,French,69
163,Northtown School,German,84
163,Northtown School,Mathematics,39
163,Northtown School,Art,83
164,Northtown School,Chemistry,11
164,Northtown School,Physics,64
164,Northtown School,Biology,65
164,Northtown School,English,51
164,Northtown School,French,76
164,Northtown School,German,60
164,Northtown School,Mathematics,64
164,Northtown School,Art,70
165,Northtown School,Chemistry,68
165,Northtown School,Biology,44
165,Northtown School,English,23
165,Northtown School,French,79
165,Northtown School,German,55
165,Northtown School,Mathematics,46
165,Northtown School,Art,89
166,Northtown School,Chemistry,95
166,Northtown School,Physics,70
166,Northtown School,Biology,67
166,Northtown School,English,60
166,Northtown School,French,36
166,Northtown School,German,11
166,Northtown School,Mathematics,67
166,Northtown School,Art,75
167,Northtown School,Chemistry,66
167,Northtown School,Physics,42
167,Northtown School,Biology,59
167,Northtown School,English,69
167,Northtown School,French,46
167,Northtown School,German,44
167,Northtown School,Art,62
168,Northtown School,Chemistry,80
168,Northtown School,Physics,68
168,Northtown School,Biology,68
168,Northtown School,English,31
168,Northtown School,French,11
168,Northtown School,German,84
168,Northtown School,Mathematics,39
168,Northtown School,Art,94
169,Northtown School,Chemistry,48
169,Northtown School,Physics,56
169,Northtown School,Biology,45
169,Northtown School,English,90
169,Northtown School,French,65
169,Northtown School,German,53
169,Northtown School,Mathematics,31
169,Northtown School,Art,80
170,Northtown School,Chemistry,85
170,Northtown School,Physics,50
170,Northtown School,English,31
170,Northtown School,German,62
170,Northtown School,Mathematics,57
170,Northtown School,Art,64
171,Northtown School,Chemistry,55
171,Northtown School,Physics,85
171,Northtown School,Biology,13
171,Northtown School,English,80
171,Northtown School,French,70
171,Northtown School,Mathematics,58
171,Northtown School,Art,68
172,Northtown School,Chemistry,88
172,Northtown School,Physics,62
172,Northtown School,Biology,84
172,Northtown School,English,89
172,Northtown School,French,48
172,Northtown School,German,58
172,Northtown School,Mathematics,99
172,Northtown School,Art,68
173,Northtown School,Chemistry,13
173,Northtown School,Physics,34
173,Northtown School,Biology,36
173,Northtown School,English,30
173,Northtown School,French,88
173,Northtown School,German,90
173,Northtown School,Mathematics,66
173,Northtown School,Art,65
174,Northtown School,Chemistry,72
174,Northtown School,Physics,55
174,Northtown School,Biology,51
174,Northtown School,English,91
174,Northtown School,French,70
174,Northtown School,German,33
174,Northtown School,Mathematics,62
174,Northtown School,Art,12
175,Northtown School,Chemistry,90
175,Northtown School,Physics,75
175,Northtown School,Biology,67
175,Northtown School,English,69
175,Northtown School,French,35
175,Northtown School,German,66
175,Northtown School,Mathematics,66
175,Northtown School,Art,39
176,Northtown School,Chemistry,33
176,Northtown School,Physics,74
176,Northtown School,Biology,94
176,Northtown School,English,65
176,Northtown School,French,86
176,Northtown School,German,66
176,Northtown School,Mathematics,70
176,Northtown School,Art,73
177,Northtown School,Chemistry,74
177,Northtown School,Physics,76
177,Northtown School,Biology,70
177,Northtown School,English,65
177,Northtown School,French,31
177,Northtown School,German,63
177,Northtown School,Mathematics,45
177,Northtown School,Art,58
178,Northtown School,Chemistry,70
178,Northtown School,Physics,53
178,Northtown School,Biology,66
178,Northtown School,English,21
178,Northtown School,French,92
178,Northtown School,German,62
178,Northtown School,Mathematics,11
178,Northtown School,Art,68
179,Northtown School,Chemistry,96
179,Northtown School,Physics,40
179,Northtown School,Biology,65
179,Northtown School,English,24
179,Northtown School,French,31
179,Northtown School,German,48
179,Northtown School,Mathematics,64
179,Northtown School,Art,30
180,Northtown School,Chemistry,84
180,Northtown School,Physics,61
180,Northtown School,Biology,93
180,Northtown School,English,55
180,Northtown School,French,51
180,Northtown School,German,76
180,Northtown School,Mathematics,95
181,Northtown School,Chemistry,47
181,Northtown School,Physics,12
181,Northtown School,Biology,21
181,Northtown School,English,14
181,Northtown School,French,54
181,Northtown School,German,90
181,Northtown School,Mathematics,53
181,Northtown School,Art,68
182,Northtown School,Chemistry,23
182,Northtown School,Physics,70
182,Northtown School,Biology,35
182,Northtown School,English,77
182,Northtown School,French,69
182,Northtown School,German,65
182,Northtown School,Mathematics,21
182,Northtown School,Art,67
183,Northtown School,Chemistry,33
183,Northtown School,Physics,64
183,Northtown School,Biology,68
183,Northtown School,English,66
183,Northtown School,French,59
183,Northtown School,German,69
183,Northtown School,Mathematics,42
183,Northtown School,Art,46
184,Northtown School,Chemistry,67
184,Northtown School,Physics,68
184,Northtown School,Biology,91
184,Northtown School,English,42
184,Northtown School,German,70
184,Northtown School,Mathematics,64
184,Northtown School,Art,86
185,Northtown School,Chemistry,51
185,Northtown School,Physics,75
185,Northtown School,Biology,23
185,Northtown School,English,83
185,Northtown School,French,67
185,Northtown School,German,48
185,Northtown School,Mathematics,35
185,Northtown School,Art,46
186,Northtown School,Chemistry,68
186,Northtown School,Physics,31
186,Northtown School,Biology,74
186,Northtown School,English,66
186,Northtown School,French,83
186,Northtown School,German,92
186,Northtown School,Mathematics,68
186,Northtown School,Art,45
187,Northtown School,Chemistry,53
187,Northtown School,Physics,84
187,Northtown School,Biology,97
187,Northtown School,English,74
187,Northtown School,French,54
187,Northtown School,German,40
187,Northtown School,Mathematics,70
187,Northtown School,Art,41
188,Northtown School,Chemistry,48
188,Northtown School,Physics,67
188,Northtown School,Biology,58
188,Northtown School,English,33
188,Northtown School,French,21
188,Northtown School,German,65
188,Northtown School,Mathematics,79
188,Northtown School,Art,70
189,Northtown School,Chemistry,79
189,Northtown School,Physics,63
189,Northtown School,Biology,97
189,Northtown School,English,66
189,Northtown School,French,70
189,Northtown School,German,65
189,Northtown School,Mathematics,53
189,Northtown School,Art,91
190,Northtown School,Chemistry,51
190,Northtown School,Physics,47
190,Northtown School,Biology,91
190,Northtown School,English,55
190,Northtown School,French,65
190,Northtown School,Mathematics,59
190,Northtown School,Art,84
191,Easttown School,Chemistry,57
191,Easttown School,Physics,46
191,Easttown School,Biology,87
191,Easttown School,English,65
191,Easttown School,French,88
191,Easttown School,German,59
191,Easttown School,Mathematics,85
191,Easttown School,Art,82
192,Easttown School,Chemistry,42
192,Easttown School,Physics,13
192,Easttown School,Biology,14
192,Easttown School,English,80
192,Easttown School,French,76
192,Easttown School,German,33
192,Easttown School,Mathematics,74
192,Easttown School,Art,79
193,Easttown School,Chemistry,62
193,Easttown School,Physics,68
193,Easttown School,Biology,78
193,Easttown School,English,11
193,Easttown School,French,93
193,Easttown School,German,86
193,Easttown School,Mathematics,68
193,Easttown School,Art,82
194,Easttown School,Chemistry,74
194,Easttown School,Physics,65
194,Easttown School,Biology,96
194,Easttown School,English,85
194,Easttown School,French,67
194,Easttown School,German,66
194,Easttown School,Mathematics,65
194,Easttown School,Art,95
195,Easttown School,Chemistry,64
195,Easttown School,Physics,35
195,Easttown School,Biology,66
195,Easttown School,French,53
195,Easttown School,German,37
195,Easttown School,Mathematics,41
195,Easttown School,Art,94
196,Easttown School,Chemistry,70
196,Easttown School,Physics,32
196,Easttown School,Biology,97
196,Easttown School,English,48
196,Easttown School,French,58
196,Easttown School,German,14
196,Easttown School,Mathematics,93
196,Easttown School,Art,70
197,Easttown School,Chemistry,93
197,Easttown School,Physics,67
197,Easttown School,Biology,32
197,Easttown School,English,72
197,Easttown School,French,99
197,Easttown School,German,82
197,Easttown School,Mathematics,64
197,Easttown School,Art,86
198,Easttown School,Chemistry,74
198,Easttown School,Physics,11
198,Easttown School,Biology,24
198,Easttown School,English,33
198,Easttown School,French,69
198,Easttown School,German,66
198,Easttown School,Mathematics,35
198,Easttown School,Art,71
199,Easttown School,Chemistry,96
199,Easttown School,Biology,33
199,Easttown School,English,89
199,Easttown School,French,66
199,Easttown School,German,90
199,Easttown School,Mathematics,64
199,Easttown School,Art,70
200,Easttown School,Chemistry,94
200,Easttown School,Physics,63
200,Easttown School,Biology,21
200,Easttown School,English,71
200,Easttown School,French,42
200,Easttown School,German,89
200,Easttown School,Mathematics,47
200,Easttown School,Art,90
201,Easttown School,Chemistry,79
201,Easttown School,Physics,80
201,Easttown School,Biology,79
201,Easttown School,English,48
201,Easttown School,French,91
201,Easttown School,German,84
201,Easttown School,Mathematics,14
201,Easttown School,Art,55
202,Easttown School,Chemistry,65
202,Easttown School,Physics,70
202,Easttown School,Biology,38
202,Easttown School,English,74
202,Easttown School,French,99
202,Easttown School,German,55
202,Easttown School,Mathematics,52
203,Easttown School,Chemistry,24
203,Easttown School,Physics,82
203,Easttown School,Biology,92
203,Easttown School,English,31
203,Easttown School,French,43
203,Easttown School,German,71
203,Easttown School,Mathematics,62
203,Easttown School,Art,91
204,Easttown School,Chemistry,65
204,Easttown School,Physics,91
204,Easttown School,Biology,67
204,Easttown School,English,67
204,Easttown School,French,47
204,Easttown School,German,95
204,Easttown School,Mathematics,38
204,Easttown School,Art,13
205,Easttown School,Chemistry,39
205,Easttown School,Physics,83
205,Easttown School,Biology,39
205,Easttown School,English,33
205,Easttown School,French,69
205,Easttown School,German,86
205,Easttown School,Mathematics,71
205,Easttown School,Art,55
206,Easttown School,Chemistry,13
206,Easttown School,Physics,49
206,Easttown School,Biology,66
206,Easttown School,French,82
206,Easttown School,German,86
206,Easttown School,Mathematics,69
206,Easttown School,Art,49
207,Easttown School,Chemistry,70
207,Easttown School,Physics,52
207,Easttown School,Biology,71
207,Easttown School,English,67
207,Easttown School,French,47
207,Easttown School,German,74
207,Easttown School,Mathematics,90
207,Easttown School,Art,53
208,Easttown School,Chemistry,40
208,Easttown School,Physics,69
208,Easttown School,English,31
208,Easttown School,German,50
208,Easttown School,Mathematics,48
208,Easttown School,Art,53
209,Easttown School,Chemistry,99
209,Easttown School,Physics,92
209,Easttown School,Biology,93
209,Easttown School,English,67
209,Easttown School,French,69
209,Easttown School,German,24
209,Easttown School,Mathematics,34
209,Easttown School,Art,43
210,Easttown School,Chemistry,37
210,Easttown School,Physics,95
210,Easttown School,Biology,91
210,Easttown School,English,84
210,Easttown School,French,49
210,Easttown School,German,87
210,Easttown School,Mathematics,58
210,Easttown School,Art,82
211,Easttown School,Chemistry,98
211,Easttown School,Physics,14
211,Easttown School,Biology,67
211,Easttown School,English,37
211,Easttown School,French,22
211,Easttown School,German,82
211,Easttown School,Mathematics,57
211,Easttown School,Art,54
212,Easttown School,Physics,55
212,Easttown School,Biology,74
212,Easttown School,English,75
212,Easttown School,French,90
212,Easttown School,German,81
212,Easttown School,Mathematics,59
212,Easttown School,Art,90
213,Easttown School,Chemistry,69
213,Easttown School,Physics,68
213,Easttown School,Biology,74
213,Easttown School,English,66
213,Easttown School,French,67
213,Easttown School,Mathematics,75
213,Easttown School,Art,69
214,Easttown School,Chemistry,75
214,Easttown School,Physics,70
214,Easttown School,Biology,49
214,Easttown School,English,73
214,Easttown School,French,69
214,Easttown School,German,43
214,Easttown School,Mathematics,85
214,Easttown School,Art,82
215,Easttown School,Chemistry,89
215,Easttown School,Physics,76
215,Easttown School,Biology,71
215,Easttown School,English,47
215,Easttown School,French,37
215,Easttown School,German,69
215,Easttown School,Mathematics,34
215,Easttown School,Art,83
216,Easttown School,Chemistry,59
216,Easttown School,Physics,87
216,Easttown School,Biology,99
216,Easttown School,English,67
216,Easttown School,French,78
216,Easttown School,German,84
216,Easttown School,Mathematics,67
216,Easttown School,Art,32
217,Easttown School,Chemistry,69
217,Easttown School,Physics,38
217,Easttown School,Biology,78
217,Easttown School,English,73
217,Easttown School,French,55
217,Easttown School,German,70
217,Easttown School,Mathematics,61
218,Easttown School,Chemistry,88
218,Easttown School,Physics,21
218,Easttown School,Biology,65
218,Easttown School,English,52
218,Easttown School,French,81
218,Easttown School,German,22
218,Easttown School,Mathematics,69
218,Easttown School,Art,68
219,Easttown School,Chemistry,67
219,Easttown School,Physics,67
219,Easttown School,Biology,91
219,Easttown School,English,90
219,Easttown School,French,47
219,Easttown School,German,13
219,Easttown School,Mathematics,64
220,Easttown School,Chemistry,48
220,Easttown School,Physics,72
220,Easttown School,Biology,68
220,Easttown School,English,94
220,Easttown School,French,98
220,Easttown School,German,85
220,Easttown School,Art,36
221,Easttown School,Chemistry,22
221,Easttown School,Physics,64
221,Easttown School,Biology,67
221,Easttown School,English,84
221,Easttown School,French,93
221,Easttown School,German,68
221,Easttown School,Mathematics,87
221,Easttown School,Art,36
222,Easttown School,Physics,45
222,Easttown School,Biology,70
222,Easttown School,English,43
222,Easttown School,French,46
222,Easttown School,German,45
222,Easttown School,Mathematics,43
222,Easttown School,Art,54
223,Easttown School,Chemistry,46
223,Easttown School,Physics,66
223,Easttown School,Biology,62
223,Easttown School,English,49
223,Easttown School,German,58
223,Easttown School,Mathematics,68
224,Easttown School,Chemistry,66
224,Easttown School,Physics,46
224,Easttown School,Biology,76
224,Easttown School,English,70
224,Easttown School,French,73
224,Easttown School,German,91
224,Easttown School,Mathematics,53
224,Easttown School,Art,68
225,Easttown School,Chemistry,70
225,Easttown School,Physics,38
225,Easttown School,Biology,99
225,Easttown School,English,98
225,Easttown School,French,14
225,Easttown School,Mathematics,50
225,Easttown School,Art,79
226,Easttown School,Chemistry,85
226,Easttown School,Physics,68
226,Easttown School,Biology,30
226,Easttown School,English,98
226,Easttown School,French,73
226,Easttown School,German,32
226,Easttown School,Mathematics,12
226,Easttown School,Art,91
227,Easttown School,Chemistry,14
227,Easttown School,Physics,85
227,Easttown School,Biology,21
227,Easttown School,English,12
227,Easttown School,French,67
227,Easttown School,German,66
227,Easttown School,Mathematics,58
227,Easttown School,Art,67
228,Easttown School,Physics,85
228,Easttown School,Biology,89
228,Easttown School,English,67
228,Easttown School,French,90
228,Easttown School,German,66
228,Easttown School,Mathematics,12
228,Easttown School,Art,70
229,Easttown School,Chemistry,68
229,Easttown School,Physics,61
229,Easttown School,Biology,33
229,Easttown School,English,44
229,Easttown School,French,74
229,Easttown School,German,62
229,Easttown School,Mathematics,49
229,Easttown School,Art,66
230,Easttown School,Chemistry,72
230,Easttown School,Physics,39
230,Easttown School,Biology,87
230,Easttown School,English,65
230,Easttown School,French,13
230,Easttown School,German,66
230,Easttown School,Mathematics,37
230,Easttown School,Art,90
231,Easttown School,Chemistry,85
231,Easttown School,Physics,41
231,Easttown School,Biology,30
231,Easttown School,English,40
231,Easttown School,French,67
231,Easttown School,Mathematics,58
231,Easttown School,Art,62
232,Easttown School,Chemistry,63
232,Easttown School,Physics,36
232,Easttown School,Biology,80
232,Easttown School,English,65
232,Easttown School,French,67
232,Easttown School,German,31
232,Easttown School,Mathematics,99
232,Easttown School,Art,64
233,Easttown School,Chemistry,68
233,Easttown School,Physics,66
233,Easttown School,Biology,35
233,Easttown School,English,74
233,Easttown School,French,62
233,Easttown School,German,52
233,Easttown School,Mathematics,21
233,Easttown School,Art,23
234,Southtown College,Chemistry,31
234,Southtown College,Physics,21
234,Southtown College,Biology,52
234,Southtown College,English,35
234,Southtown College,French,92
234,Southtown College,German,70
234,Southtown College,Mathematics,43
234,Southtown College,Art,24
235,Southtown College,Chemistry,32
235,Southtown College,Physics,66
235,Southtown College,Biology,66
235,Southtown College,English,85
235,Southtown College,French,68
235,Southtown College,German,37
235,Southtown College,Mathematics,72
235,Southtown College,Art,30
236,Southtown College,Chemistry,57
236,Southtown College,Physics,69
236,Southtown College,Biology,11
236,Southtown College,English,84
236,Southtown College,French,66
236,Southtown College,German,65
236,Southtown College,Mathematics,62
236,Southtown College,Art,57
237,Southtown College,Physics,39
237,Southtown College,Biology,46
237,Southtown College,English,72
237,Southtown College,French,46
237,Southtown College,German,91
237,Southtown College,Mathematics,23
237,Southtown College,Art,92
238,Southtown College,Chemistry,85
238,Southtown College,Physics,79
238,Southtown College,Biology,65
238,Southtown College,English,34
238,Southtown College,French,78
238,Southtown College,German,22
238,Southtown College,Mathematics,56
238,Southtown College,Art,88
239,Southtown College,Chemistry,35
239,Southtown College,Physics,43
239,Southtown College,Biology,72
239,Southtown College,English,69
239,Southtown College,French,81
239,Southtown College,German,40
239,Southtown College,Mathematics,94
239,Southtown College,Art,39
240,Southtown College,Chemistry,77
240,Southtown College,Physics,34
240,Southtown College,Biology,62
240,Southtown College,English,39
240,Southtown College,French,21
240,Southtown College,German,33
240,Southtown College,Mathematics,31
240,Southtown College,Art,67
241,Southtown College,Chemistry,60
241,Southtown College,Physics,67
241,Southtown College,Biology,80
241,Southtown College,English,50
241,Southtown College,French,47
241,Southtown College,German,52
241,Southtown College,Mathematics,47
241,Southtown College,Art,91
242,Southtown College,Chemistry,61
242,Southtown College,Physics,77
242,Southtown College,Biology,78
242,Southtown College,English,70
242,Southtown College,French,64
242,Southtown College,German,68
242,Southtown College,Mathematics,47
242,Southtown College,Art,35
243,Southtown College,Chemistry,41
243,Southtown College,Physics,72
243,Southtown College,Biology,50
243,Southtown College,English,77
243,Southtown College,French,78
243,Southtown College,German,61
243,Southtown College,Mathematics,69
243,Southtown College,Art,70
244,Southtown College,Chemistry,23
244,Southtown College,Physics,92
244,Southtown College,Biology,66
244,Southtown College,English,82
244,Southtown College,French,53
244,Southtown College,German,71
244,Southtown College,Mathematics,37
244,Southtown College,Art,77
245,Southtown College,Chemistry,50
245,Southtown College,Physics,69
245,Southtown College,Biology,52
245,Southtown College,English,55
245,Southtown College,French,70
245,Southtown College,German,59
245,Southtown College,Mathematics,67
245,Southtown College,Art,76
246,Southtown College,Chemistry,53
246,Southtown College,Physics,13
246,Southtown College,Biology,96
246,Southtown College,English,49
246,Southtown College,French,69
246,Southtown College,German,48
246,Southtown College,Mathematics,91
246,Southtown College,Art,95
247,Southtown College,Chemistry,61
247,Southtown College,Physics,81
247,Southtown College,Biology,87
247,Southtown College,English,23
247,Southtown College,French,68
247,Southtown College,German,55
247,Southtown College,Mathematics,76
247,Southtown College,Art,68
248,Southtown College,Chemistry,88
248,Southtown College,Physics,76
248,Southtown College,Biology,72
248,Southtown College,English,54
248,Southtown College,French,68
248,Southtown College,German,74
248,Southtown College,Mathematics,23
248,Southtown College,Art,66
249,Southtown College,Chemistry,72
249,Southtown College,Physics,42
249,Southtown College,Biology,39
249,Southtown College,English,46
249,Southtown College,French,30
249,Southtown College,German,65
249,Southtown College,Mathematics,47
249,Southtown College,Art,42
250,Southtown College,Chemistry,35
250,Southtown College,Physics,37
250,Southtown College,Biology,46
250,Southtown College,English,82
250,Southtown College,French,44
250,Southtown College,German,62
250,Southtown College,Mathematics,33
250,Southtown College,Art,53
251,Southtown College,Chemistry,42
251,Southtown College,Physics,67
251,Southtown College,Biology,70
251,Southtown College,English,40
251,Southtown College,French,64
251,Southtown College,German,48
251,Southtown College,Mathematics,49
251,Southtown College,Art,53
252,Southtown College,Chemistry,24
252,Southtown College,Physics,95
252,Southtown College,Biology,83
252,Southtown College,English,39
252,Southtown College,French,81
252,Southtown College,German,87
252,Southtown College,Mathematics,78
252,Southtown College,Art,78
253,Southtown College,Chemistry,91
253,Southtown College,Physics,67
253,Southtown College,Biology,33
253,Southtown College,English,65
253,Southtown College,French,52
253,Southtown College,German,60
253,Southtown College,Mathematics,66
253,Southtown College,Art,59
254,Southtown College,Chemistry,98
254,Southtown College,Physics,59
254,Southtown College,Biology,80
254,Southtown College,English,94
254,Southtown College,French,85
254,Southtown College,German,68
254,Southtown College,Mathematics,68
254,Southtown College,Art,55
255,Southtown College,Chemistry,84
255,Southtown College,Physics,41
255,Southtown College,Biology,80
255,Southtown College,English,95
255,Southtown College,French,67
255,Southtown College,German,66
255,Southtown College,Mathematics,92
255,Southtown College,Art,95
256,Southtown College,Chemistry,70
256,Southtown College,Physics,77
256,Southtown College,Biology,88
256,Southtown College,English,70
256,Southtown College,French,41
256,Southtown College,German,48
256,Southtown College,Mathematics,64
256,Southtown College,Art,78
257,Southtown College,Chemistry,67
257,Southtown College,Physics,52
257,Southtown College,Biology,43
257,Southtown College,English,54
257,Southtown College,French,70
257,Southtown College,German,44
257,Southtown College,Mathematics,59
257,Southtown College,Art,98
258,Southtown College,Chemistry,32
258,Southtown College,Physics,13
258,Southtown College,Biology,45
258,Southtown College,English,21
258,Southtown College,French,98
258,Southtown College,Mathematics,87
258,Southtown College,Art,73
259,Southtown College,Chemistry,40
259,Southtown College,Physics,53
259,Southtown College,Biology,55
259,Southtown College,English,34
259,Southtown College,German,76
259,Southtown College,Mathematics,22
259,Southtown College,Art,42
260,Southtown College,Chemistry,98
260,Southtown College,Physics,66
260,Southtown College,Biology,70
260,Southtown College,English,58
260,Southtown College,French,24
260,Southtown College,German,83
260,Southtown College,Mathematics,48
260,Southtown College,Art,59
261,Southtown College,Chemistry,14
261,Southtown College,Physics,40
261,Southtown College,Biology,73
261,Southtown College,English,11
261,Southtown College,French,43
261,Southtown College,German,64
261,Southtown College,Mathematics,51
261,Southtown College,Art,78
262,Southtown College,Chemistry,99
262,Southtown College,Physics,12
262,Southtown College,Biology,79
262,Southtown College,English,85
262,Southtown College,French,65
262,Southtown College,German,73
262,Southtown College,Mathematics,36
262,Southtown College,Art,92
263,Southtown College,Chemistry,51
263,Southtown College,Physics,98
263,Southtown College,Biology,66
263,Southtown College,English,43
263,Southtown College,French,69
263,Southtown College,German,53
263,Southtown College,Mathematics,14
263,Southtown College,Art,43
264,Southtown College,Chemistry,21
264,Southtown College,Physics,81
264,Southtown College,Biology,65
264,Southtown College,English,75
264,Southtown College,French,94
264,Southtown College,German,64
264,Southtown College,Mathematics,72
264,Southtown College,Art,12
265,Southtown College,Chemistry,52
265,Southtown College,Physics,54
265,Southtown College,Biology,42
265,Southtown College,English,22
265,Southtown College,French,83
265,Southtown College,German,66
265,Southtown College,Mathematics,59
265,Southtown College,Art,69
266,Southtown College,Chemistry,14
266,Southtown College,Physics,66
266,Southtown College,Biology,85
266,Southtown College,English,54
266,Southtown College,French,31
266,Southtown College,German,40
266,Southtown College,Mathematics,45
266,Southtown College,Art,48
267,Southtown College,Chemistry,79
267,Southtown College,Physics,83
267,Southtown College,Biology,48
267,Southtown College,English,67
267,Southtown College,French,50
267,Southtown College,German,70
267,Southtown College,Mathematics,31
267,Southtown College,Art,48
268,Southtown College,Chemistry,70
268,Southtown College,Physics,56
268,Southtown College,Biology,53
268,Southtown College,English,50
268,Southtown College,French,60
268,Southtown College,German,99
268,Southtown College,Mathematics,97
268,Southtown College,Art,85
269,Westtown Academy,Chemistry,92
269,Westtown Academy,Physics,57
269,Westtown Academy,Biology,76
269,Westtown Academy,French,11
269,Westtown Academy,German,68
269,Westtown Academy,Mathematics,72
269,Westtown Academy,Art,68
270,Westtown Academy,Chemistry,66
270,Westtown Academy,Physics,56
270,Westtown Academy,Biology,67
270,Westtown Academy,English,24
270,Westtown Academy,French,52
270,Westtown Academy,German,56
270,Westtown Academy,Mathematics,65
270,Westtown Academy,Art,71
271,Westtown Academy,Chemistry,89
271,Westtown Academy,Physics,69
271,Westtown Academy,Biology,42
271,Westtown Academy,English,67
271,Westtown Academy,French,66
271,Westtown Academy,German,65
271,Westtown Academy,Mathematics,64
272,Westtown Academy,Chemistry,71
272,Westtown Academy,Physics,81
272,Westtown Academy,Biology,61
272,Westtown Academy,English,69
272,Westtown Academy,French,53
272,Westtown Academy,German,42
272,Westtown Academy,Mathematics,55
272,Westtown Academy,Art,96
273,Westtown Academy,Chemistry,42
273,Westtown Academy,Physics,69
273,Westtown Academy,Biology,34
273,Westtown Academy,English,90
273,Westtown Academy,French,68
273,Westtown Academy,German,87
273,Westtown Academy,Mathematics,57
273,Westtown Academy,Art,47
274,Westtown Academy,Chemistry,77
274,Westtown Academy,Physics,45
274,Westtown Academy,Biology,39
274,Westtown Academy,English,67
274,Westtown Academy,French,31
274,Westtown Academy,German,58
274,Westtown Academy,Mathematics,80
274,Westtown Academy,Art,69
275,Westtown Academy,Chemistry,66
275,Westtown Academy,Physics,47
275,Westtown Academy,Biology,47
275,Westtown Academy,English,30
275,Westtown Academy,French,13
275,Westtown Academy,German,65
275,Westtown Academy,Mathematics,12
275,Westtown Academy,Art,69
276,Westtown Academy,Chemistry,85
276,Westtown Academy,Physics,46
276,Westtown Academy,Biology,78
276,Westtown Academy,English,56
276,Westtown Academy,French,52
276,Westtown Academy,German,53
276,Westtown Academy,Mathematics,37
276,Westtown Academy,Art,84
277,Westtown Academy,Chemistry,66
277,Westtown Academy,Physics,89
277,Westtown Academy,Biology,63
277,Westtown Academy,English,92
277,Westtown Academy,French,58
277,Westtown Academy,Mathematics,68
277,Westtown Academy,Art,42
278,Westtown Academy,Chemistry,78
278,Westtown Academy,Physics,52
278,Westtown Academy,Biology,73
278,Westtown Academy,English,87
278,Westtown Academy,French,71
278,Westtown Academy,German,11
278,Westtown Academy,Mathematics,43
278,Westtown Academy,Art,53
279,Westtown Academy,Chemistry,81
279,Westtown Academy,Physics,53
279,Westtown Academy,Biology,59
279,Westtown Academy,English,22
279,Westtown Academy,French,53
279,Westtown Academy,German,89
279,Westtown Academy,Mathematics,54
279,Westtown Academy,Art,88
280,Westtown Academy,Chemistry,32
280,Westtown Academy,Physics,73
280,Westtown Academy,Biology,67
280,Westtown Academy,English,47
280,Westtown Academy,French,52
280,Westtown Academy,German,40
280,Westtown Academy,Mathematics,82
280,Westtown Academy,Art,90
281,Westtown Academy,Chemistry,72
281,Westtown Academy,Physics,66
281,Westtown Academy,English,38
281,Westtown Academy,French,34
281,Westtown Academy,German,36
281,Westtown Academy,Mathematics,73
282,Westtown Academy,Chemistry,47
282,Westtown Academy,Physics,71
282,Westtown Academy,Biology,81
282,Westtown Academy,English,53
282,Westtown Academy,French,22
282,Westtown Academy,German,66
282,Westtown Academy,Mathematics,34
282,Westtown Academy,Art,13
283,Westtown Academy,Chemistry,48
283,Westtown Academy,Physics,69
283,Westtown Academy,Biology,64
283,Westtown Academy,English,46
283,Westtown Academy,French,48
283,Westtown Academy,German,43
283,Westtown Academy,Mathematics,24
283,Westtown Academy,Art,87
284,Westtown Academy,Chemistry,68
284,Westtown Academy,Physics,78
284,Westtown Academy,Biology,87
284,Westtown Academy,English,53
284,Westtown Academy,French,60
284,Westtown Academy,German,57
284,Westtown Academy,Mathematics,58
284,Westtown Academy,Art,82
285,Westtown Academy,Chemistry,90
285,Westtown Academy,Physics,77
285,Westtown Academy,Biology,49
285,Westtown Academy,English,35
285,Westtown Academy,French,73
285,Westtown Academy,German,57
285,Westtown Academy,Mathematics,92
285,Westtown Academy,Art,41
286,Westtown Academy,Chemistry,95
286,Westtown Academy,Biology,44
286,Westtown Academy,English,82
286,Westtown Academy,French,74
286,Westtown Academy,German,53
286,Westtown Academy,Mathematics,65
286,Westtown Academy,Art,65
287,Westtown Academy,Chemistry,54
287,Westtown Academy,Physics,66
287,Westtown Academy,Biology,12
287,Westtown Academy,English,75
287,Westtown Academy,French,56
287,Westtown Academy,German,51
287,Westtown Academy,Art,62
288,Westtown Academy,Chemistry,33
288,Westtown Academy,Physics,38
288,Westtown Academy,Biology,82
288,Westtown Academy,English,68
288,Westtown Academy,French,32
288,Westtown Academy,German,68
288,Westtown Academy,Mathematics,46
288,Westtown Academy,Art,77
289,Westtown Academy,Chemistry,36
289,Westtown Academy,Physics,65
289,Westtown Academy,Biology,69
289,Westtown Academy,English,39
289,Westtown Academy,French,71
289,Westtown Academy,German,77
289,Westtown Academy,Mathematics,96
289,Westtown Academy,Art,99
290,Westtown Academy,Chemistry,21
290,Westtown Academy,Physics,84
290,Westtown Academy,Biology,83
290,Westtown Academy,English,66
290,Westtown Academy,French,59
290,Westtown Academy,German,55
290,Westtown Academy,Mathematics,55
290,Westtown Academy,Art,99
291,Westtown Academy,Chemistry,96
291,Westtown Academy,Physics,87
291,Westtown Academy,Biology,53
291,Westtown Academy,English,44
291,Westtown Academy,German,68
291,Westtown Academy,Mathematics,90
291,Westtown Academy,Art,66
292,Westtown Academy,Chemistry,59
292,Westtown Academy,Physics,87
292,Westtown Academy,Biology,69
292,Westtown Academy,English,49
292,Westtown Academy,French,14
292,Westtown Academy,German,62
292,Westtown Academy,Mathematics,14
292,Westtown Academy,Art,83
293,Westtown Academy,Chemistry,59
293,Westtown Academy,Physics,65
293,Westtown Academy,Biology,67
293,Westtown Academy,English,66
293,Westtown Academy,French,80
293,Westtown Academy,German,70
293,Westtown Academy,Mathematics,69
293,Westtown Academy,Art,85
294,Westtown Academy,Chemistry,80
294,Westtown Academy,Physics,83
294,Westtown Academy,Biology,40
294,Westtown Academy,English,69
294,Westtown Academy,French,33
294,Westtown Academy,German,48
294,Westtown Academy,Mathematics,40
294,Westtown Academy,Art,73
295,Westtown Academy,Chemistry,94
295,Westtown Academy,Physics,70
295,Westtown Academy,Biology,65
295,Westtown Academy,English,66
295,Westtown Academy,French,63
295,Westtown Academy,German,64
295,Westtown Academy,Mathematics,65
295,Westtown Academy,Art,67
296,Westtown Academy,Chemistry,67
296,Westtown Academy,Physics,64
296,Westtown Academy,Biology,87
296,Westtown Academy,English,61
296,Westtown Academy,French,66
296,Westtown Academy,German,88
296,Westtown Academy,Mathematics,86
297,Westtown Academy,Chemistry,69
297,Westtown Academy,Physics,66
297,Westtown Academy,Biology,69
297,Westtown Academy,English,94
297,Westtown Academy,French,66
297,Westtown Academy,Mathematics,13
297,Westtown Academy,Art,58
298,Hightown School,Chemistry,83
298,Hightown School,Physics,91
298,Hightown School,Biology,81
298,Hightown School,English,32
298,Hightown School,French,70
298,Hightown School,German,64
298,Hightown School,Mathematics,99
298,Hightown School,Art,51
299,Hightown School,Chemistry,98
299,Hightown School,Physics,79
299,Hightown School,Biology,67
299,Hightown School,English,98
299,Hightown School,French,81
299,Hightown School,German,75
299,Hightown School,Mathematics,56
299,Hightown School,Art,22
300,Hightown School,Chemistry,51
300,Hightown School,Physics,45
300,Hightown School,Biology,35
300,Hightown School,English,66
300,Hightown School,French,95
300,Hightown School,German,99
300,Hightown School,Mathematics,76
300,Hightown School,Art,13
301,Hightown School,Chemistry,95
301,Hightown School,Physics,13
301,Hightown School,English,37
301,Hightown School,German,39
301,Hightown School,Mathematics,93
301,Hightown School,Art,31
302,Hightown School,Chemistry,70
302,Hightown School,Physics,98
302,Hightown School,Biology,57
302,Hightown School,French,80
302,Hightown School,German,70
302,Hightown School,Mathematics,21
302,Hightown School,Art,65
303,Hightown School,Chemistry,53
303,Hightown School,Physics,36
303,Hightown School,Biology,91
303,Hightown School,English,61
303,Hightown School,French,80
303,Hightown School,German,49
303,Hightown School,Mathematics,66
303,Hightown School,Art,72
304,Hightown School,Chemistry,70
304,Hightown School,Biology,48
304,Hightown School,English,41
304,Hightown School,French,43
304,Hightown School,German,13
304,Hightown School,Mathematics,53
305,Hightown School,Chemistry,59
305,Hightown School,Physics,59
305,Hightown School,Biology,67
305,Hightown School,English,96
305,Hightown School,French,94
305,Hightown School,German,67
305,Hightown School,Mathematics,62
305,Hightown School,Art,51
306,Hightown School,Chemistry,69
306,Hightown School,Physics,48
306,Hightown School,Biology,48
306,Hightown School,English,84
306,Hightown School,French,53
306,Hightown School,German,82
306,Hightown School,Mathematics,23
306,Hightown School,Art,42
307,Hightown School,Physics,82
307,Hightown School,Biology,31
307,Hightown School,French,72
307,Hightown School,German,30
307,Hightown School,Mathematics,68
307,Hightown School,Art,79
308,Hightown School,Chemistry,66
308,Hightown School,Physics,65
308,Hightown School,Biology,90
308,Hightown School,English,44
308,Hightown School,French,69
308,Hightown School,German,60
308,Hightown School,Mathematics,23
308,Hightown School,Art,40
309,Hightown School,Chemistry,65
309,Hightown School,Physics,43
309,Hightown School,Biology,31
309,Hightown School,English,91
309,Hightown School,French,66
309,Hightown School,German,21
309,Hightown School,Mathematics,11
309,Hightown School,Art,65
310,Hightown School,Chemistry,32
310,Hightown School,Physics,88
310,Hightown School,Biology,49
310,Hightown School,English,69
310,Hightown School,French,70
310,Hightown School,German,55
310,Hightown School,Mathematics,38
311,Hightown School,Chemistry,66
311,Hightown School,Physics,78
311,Hightown School,Biology,59
311,Hightown School,English,63
311,Hightown School,French,22
311,Hightown School,German,92
311,Hightown School,Mathematics,66
311,Hightown School,Art,78
312,Hightown School,Chemistry,98
312,Hightown School,Physics,91
312,Hightown School,Biology,34
312,Hightown School,French,53
312,Hightown School,German,48
312,Hightown School,Mathematics,83
312,Hightown School,Art,82
313,Hightown School,Chemistry,36
313,Hightown School,Physics,95
313,Hightown School,Biology,62
313,Hightown School,English,73
313,Hightown School,French,94
313,Hightown School,German,98
313,Hightown School,Mathematics,82
313,Hightown School,Art,69
314,Hightown School,Chemistry,32
314,Hightown School,Physics,47
314,Hightown School,Biology,83
314,Hightown School,French,78
314,Hightown School,German,68
314,Hightown School,Mathematics,77
314,Hightown School,Art,65
315,Hightown School,Chemistry,23
315,Hightown School,Biology,67
315,Hightown School,English,50
315,Hightown School,French,22
315,Hightown School,German,11
315,Hightown School,Mathematics,96
315,Hightown School,Art,99
316,Hightown School,Chemistry,67
316,Hightown School,Physics,63
316,Hightown School,Biology,46
316,Hightown School,English,84
316,Hightown School,French,81
316,Hightown School,German,58
316,Hightown School,Mathematics,66
316,Hightown School,Art,49
